{"Aemon": [-134.59960033157415, -185.0225220135439], "Robb_Stark": [222.89956466857387, 17.40684504208837], "Luwin": [191.16717325134204, 15.578169689938706], "Osha": [170.94288026254543, 13.209122687924026], "Yoren": [292.42049478351976, 20.981587370718593], "Gendry_Baratheon": [-127.05456221056303, 219.9694045827653], "Lancel_Lannister": [-71.01898759699583, -18.0044197262276], "Varys": [-88.52817377329562, -28.80893885381263], "Hot_Pie": [160.67831523425622, -180.45213949356636], "Lommy": [151.37124010687103, -183.0149897343659], "Robert_Baratheon": [-86.27149513019832, -249.07407132563114], "Drogo": [-107.12993795493256, -252.22306302740037], "Jaime_Lannister": [-258.1453526283614, -163.55115823015998], "Barristan_Selmy": [-243.00983283864443, -155.02236560592505], "Joffrey_Baratheon": [-132.26913610638582, 92.43059777645635], "Marillion": [-107.52570434926729, 31.418338880888747], "Mordane": [-169.04131102897895, 87.97347792529412], "Pycelle": [-83.95264688242446, 117.015707526744], "Sansa_Stark": [228.02440201858698, 505.75276052798387], "Loras_Tyrell": [-37.73640559342324, 80.93552782715906], "Ilyn_Payne": [141.96536709704029, 171.94920891228364], "Jory_Cassel": [23.601858821046044, -60.51168331721505], "Myrcella_Baratheon": [48.78041917534704, 42.10897780955674], "Grenn": [391.63087001516055, 36.417580242146016], "Pypar": [395.45643458289317, 12.404742137491361], "Rast": [352.5104628438679, 23.71423906409179], "Theon_Greyjoy": [-53.295428747718184, 266.6670365216989], "Ros": [-63.53580013267727, 207.74302408306198], "Gregor_Clegane": [117.8966400741156, -58.57037797710362], "Rodrik_Cassel": [42.07921004045094, -156.90284903261627], "Bronn": [22.704489224495454, -174.67276329269325], "Lysa_Arryn": [99.97513865882932, 230.21747366721348], "Tommen_Baratheon": [137.0396872604943, 68.20588580210091], "Shae": [36.732614276898815, -204.98562616331262], "Irri": [-117.59784020843321, -365.37705923922397], "Doreah": [-87.1439781739866, -334.8166144339804], "Rakharo": [-162.9600634238059, -383.87749595770447], "Qotho": [-154.3926226773873, -328.5896769513737], "Cersei_Lannister": [-349.2610581974854, -30.779540193386], "Jeor_Mormont": [-359.64088819466207, 74.3500420507128], "Renly_Baratheon": [-438.3381152565639, 229.43307211497068], "Syrio_Forel": [6.942214446547744, 91.30168641978167], "Mirri_Maz_Duur": [340.6919582058503, -205.76980235085378], "Rickon_Stark": [-211.19886468723212, 185.27162173265495], "Sandor_Clegane": [-129.41659256984565, -99.37905248937707], "Robin_Arryn": [163.66534163991182, -112.0389974072697], "Hodor": [130.4429780200457, 10.370620069454166], "Samwell_Tarly": [-685.4630983131984, -7.656473626762203], "Daenerys_Targaryen": [108.54271214254547, 882.495114881528], "Jorah_Mormont": [-513.3552629672681, 511.3259816205299], "Shagga": [-6.698962843951945, -160.2114124237937], "Alliser_Thorne": [520.0448711388144, 286.24867892276296], "Viserys_Targaryen": [-908.5558977349708, 200.5382992319124], "Tyrion_Lannister": [688.0913090322953, -557.8444270348347], "Meryn_Trant": [-126.39758723170524, 8.014335221390727], "Tywin_Lannister": [-240.05922011270175, 373.06708239590523], "Benjen_Stark": [536.9799403271755, -221.17722756128845], "Jon_Snow": [323.5662237833605, -444.4272156376309], "Petyr_Baelish": [-272.0545268314518, 538.7068052630854], "Arya_Stark": [-701.6043705355529, -308.73182931984974], "Greatjon_Umber": [-104.35725723650452, -48.295943283907164], "Bran_Stark": [99.09153990699055, 451.20633426828306], "Kevan_Lannister": [-9.62730347609629, 60.78142151518232], "Eddard_Stark": [387.3239192947551, 409.1283463454513], "Janos_Slynt": [9.287109570827814, 127.62590048330217], "Catelyn_Stark": [-152.8217848327145, -618.3315683352641]}