{"Obara_Sand": [414.4955734978756, -1.7705068901240382], "Bronn": [361.0724125153238, 307.160130838747], "Cersei_Lannister": [595.6103612372397, -108.93202282596884], "Daenerys_Targaryen": [-169.54711823501415, -49.714809453350504], "Doran_Martell": [364.22092123070195, 20.370540899283704], "Ellaria_Sand": [469.53087371941336, 70.77448955724834], "Euron_Greyjoy": [347.4855836954976, -58.060214749488814], "Jaime_Lannister": [449.69683444319963, 198.45628720996822], "Myrcella_Baratheon": [501.11576300913777, 135.19541910658893], "Nymeria_Sand": [542.6753481586702, 192.3818188346156], "Oberyn_Martell": [497.65733749212376, 31.05826132644304], "Olenna_Tyrell": [384.3952798622569, 110.09032867927927], "Ramsay_Bolton": [188.429436272586, -452.08957274448227], "Theon_Greyjoy": [267.28605025452606, -505.01533188854944], "Tyene_Sand": [551.7172449931568, -27.038573234938188], "Tyrion_Lannister": [293.6590914454789, 433.7868636786953], "Varys": [316.2447250986141, 87.0860144761222], "Viserys_Targaryen": [-22.2401993917385, -2.611523603678093], "Rorge": [-123.77054975352505, 242.18588085771145], "Amory_Lorch": [-42.15068378677957, 145.36831684557998], "Arya_Stark": [94.16492883844164, 296.71152479047026], "Biter": [-176.54771892411597, 220.11955754348955], "Eddard_Stark": [-78.18692321247066, -57.2869860264302], "Hot_Pie": [-68.58669769608316, 265.9466947016913], "Jaqen_H'ghar": [-94.04723729021718, 336.2338778482945], "Polliver": [-108.3402540758112, 309.7792320939313], "Thoros": [-43.03482750392862, 205.01529034595197], "Yoren": [-281.55850182718945, 40.1793623025583], "Hallyne": [224.12136759694482, -36.28325942466886], "Pycelle": [224.54574552272376, 7.988777863997771], "Robert_Baratheon": [259.57390996369077, -68.3835477698719], "Stannis_Baratheon": [91.45205106769224, -119.80820985695091], "Eddison_Tollett": [-321.5790797250304, -341.23148413571874], "Alliser_Thorne": [-474.2543192856713, -214.3494422377434], "Beric_Dondarrion": [-113.98950966701769, 42.90947598204647], "Bran_Stark": [-49.44253172755873, -328.91721487715216], "Brienne_of_Tarth": [7.258361771096808, 45.29434066974732], "Craster": [-486.4542792666881, -280.78172921169676], "Davos_Seaworth": [-21.068232127621958, -582.3074806199726], "Gilly": [-447.39248681137104, -334.1410152707856], "Grenn": [-543.9424853847029, -277.100514812161], "Janos_Slynt": [-180.63644886065043, 5.325724419156459], "Jeor_Mormont": [-516.1698536218981, -178.27896481311717], "Jon_Snow": [-339.84251550269175, -80.44314249175731], "Karl_Tanner": [-532.9044024267386, -127.4954855967417], "Locke": [-50.65895480654028, -403.5824218891422], "Mance_Rayder": [-255.5669080686708, -282.2880283247545], "Meera_Reed": [-333.5013185711136, -488.70345338279884], "Melisandre": [-82.8492290181598, -151.1141867654224], "Ned_Umber": [-195.21122777079904, -294.0627372038959], "Night_King": [-196.2347472490154, -341.94112800021577], "Olly": [-698.9124003099953, -411.56017136545563], "Podrick_Payne": [97.62478319270642, 101.25753619325474], "Pypar": [-663.9963869805631, -332.797488134981], "Qhorin": [-367.252676763954, -347.8963567889948], "Rast": [-451.9033501777264, -265.82194669380294], "Roose_Bolton": [67.23353164898008, -188.06392152270368], "Samwell_Tarly": [-524.2490800931679, -420.10486211734633], "Sansa_Stark": [341.39856631111826, -408.3864503987927], "Tormund": [-330.52095739732255, -218.29587857150784], "Grey_Worm": [-191.31238700332847, 293.27353502143586], "Barristan_Selmy": [7.407574577995896, 210.16029362245777], "Daario_Naharis": [-223.6645683161999, 243.9766828213324], "Jorah_Mormont": [-372.8782869625288, 198.75295034063814], "Missandei": [-84.39594811000248, 180.2602531831607], "Greatjon_Umber": [46.41379804361148, -378.42808340830544], "Brynden_Tully": [211.97889435031368, -235.9653813359182], "Osha": [-95.5283971981295, -521.9379618555381], "Renly_Baratheon": [161.5296039416895, 30.0259615274528], "Robb_Stark": [141.40026975509343, -246.2296311116603], "Rodrik_Cassel": [57.802135530065264, -443.55194318634966], "Walder_Frey": [248.7649210686426, -307.0062807905483], "Balon_Greyjoy": [412.9276267412266, -269.8495152842388], "Catelyn_Stark": [243.3607323958675, -137.92867563475878], "Gregor_Clegane": [204.25667192911575, 253.41093815700611], "Joffrey_Baratheon": [202.9676267960755, 94.57694649567478], "Loras_Tyrell": [516.1468325400579, 361.0815716827404], "Mace_Tyrell": [584.5534593030313, 72.17696245217863], "Olyvar": [555.7802610982884, 285.49955093667734], "Qyburn": [444.9729429717147, -121.13504465346196], "Rhaegar_Targaryen": [80.15941787355277, -36.79061607184851], "Shae": [386.38175662616106, 241.56255955882904], "Shireen_Baratheon": [-62.58471467095124, -252.8368817099566], "Tommen_Baratheon": [638.3633861157297, -6.734436475337088], "Tywin_Lannister": [290.23543812074223, 211.43516547255427], "Qhono": [-429.14376753863144, 155.49464329514873], "Dickon_Tarly": [-146.71386690154824, 109.27187762248518], "Drogo": [-272.89627417796845, 152.57682807635896], "Moro": [-312.85877310486796, 161.6803656119084], "Areo_Hotah": [396.60749499038104, 59.45124693940575], "Rickon_Stark": [109.05988891614527, -381.75256128975843], "Trystane_Martell": [653.4785661554346, 137.97134056457995], "Qotho": [-292.5463195263469, 101.21009355738798], "Doreah": [-187.92930582172121, 84.21894131320191], "Irri": [-233.48942411690652, 100.52646794340967], "Mirri_Maz_Duur": [-410.3383711219018, 105.42742751025916], "Yohn_Royce": [-399.63565090641106, 337.0449314325896], "Alys_Karstark": [-234.68915503920564, -208.22044299895353], "Anya_Waynwood": [30.98457850442195, 253.77035018429055], "Lyanna_Mormont": [-286.7552166085229, -58.892845311656025], "Lysa_Arryn": [-18.23380981901534, 310.45838413666695], "Marillion": [80.13935610019743, 249.08282732174538], "Petyr_Baelish": [151.39165669876704, 165.05991684418106], "Robett_Glover": [26.730025556875912, -306.93472225783165], "Robin_Arryn": [-240.63509309052557, 381.1726637891062], "Hodor": [-231.5082397710387, -422.9893767736999], "Benjen_Stark": [-380.1116897655002, -268.0221208022368], "Jojen_Reed": [-448.7441652205578, -700.2824412726756], "Luwin": [47.12743298174873, -647.4930389130042], "Lyanna_Stark": [-175.4763509262432, -181.484387400745], "Sandor_Clegane": [75.21999481661386, 426.6351209090644], "Daisy": [730.1857591116272, 330.51567526577816], "Armeca": [680.4853790309913, 311.5980648380843], "Ros": [627.1184532843575, 234.08415982212819], "Meryn_Trant": [382.38048709639037, 528.1755945748605], "Dontos_Hollard": [578.1617620506148, 400.7121767205169], "Ilyn_Payne": [162.93254507574468, 351.57768365525646], "Margaery_Tyrell": [374.1192107750936, 165.43979958797453], "Syrio_Forel": [29.345349319107676, 498.3763389897218], "Wolkan": [-144.10765856736845, -751.0836961012355], "Ebrose": [-332.85154763909253, -607.911973389373], "Myranda": [334.2466606032512, -701.2026458926006], "Order_of_Maesters": [-219.9808302215708, -692.802943876867], "Ygritte": [-571.0595254978325, -322.93899230850786], "Harry_Strickland": [454.56831915513044, -61.81486309843388], "Alton_Lannister": [181.535184717232, -74.01083736458165], "Edmure_Tully": [167.39899070511873, -122.47058237910016], "Jory_Cassel": [29.522570311244323, 151.83712498214175], "Kevan_Lannister": [616.575090487755, 134.5100100749741], "Lancel_Lannister": [428.4993555987488, 396.9638100873955], "Randyll_Tarly": [81.91358337277201, 35.83969229154298], "Rickard_Karstark": [70.36929209012528, -251.81845860853971], "Walder_Rivers": [492.284797134699, -269.07080809031305], "Yara_Greyjoy": [448.7813122871407, -362.7938533147242], "Aemon": [-384.1328319696128, -429.9015711131599], "Hizdahr_zo_Loraq": [-238.4248071548739, 291.02204268579925], "Kovarro": [-221.51857614321565, 122.44486882494466], "Kraznys_mo_Nakloz": [-307.6056693186874, 180.1293908140662], "Pyat_Pree": [-55.3201662036678, 72.71114982975462], "Rakharo": [-315.3649767770747, 95.7588261638076], "Xaro_Xhoan_Daxos": [-89.05491342408763, 113.97715708054905],