{"Theon_Greyjoy": [-131.1460690946033, 40.679724567632036], "Obara_Sand": [34.792714761524365, -107.43778479824283], "Varys": [74.2635444652017, -93.94905130185356], "Sansa_Stark": [-66.87526519971433, -66.43076217011065], "Melisandre": [10.826463189669541, -65.86101822576607], "Tormund": [-50.29335377970569, -82.21300590949815], "Jon_Snow": [134.0082570291111, 313.1528709775506], "Olly": [73.39462889336497, 270.2407951811094], "Randyll_Tarly": [-142.51568860254628, -17.786037202208966], "Gilly": [-137.0094104182897, -26.57019097204524], "Balon_Greyjoy": [11.43170638622671, 58.972879282838655], "Yohn_Royce": [4.7941997049278, 177.32336145532338], "Leaf": [-67.04840679835785, 104.07928471159094], "Hodor": [-70.08201234061545, 85.69769035687743], "Tyrion_Lannister": [188.3344581565425, 6.188934190603669], "Missandei": [163.5942845379563, -70.04863153004958], "Olenna_Tyrell": [-31.902159779349365, 135.46251964068435], "Pycelle": [-115.96381199806045, 93.88999499992892], "Unella": [12.322151096926945, 123.06621440015695], "Lady_Crane": [53.529545686907895, 46.937268614180134], "Ramsay_Bolton": [-5.295174995138558, -216.6805524728507], "Osha": [2.455682318876777, -196.26878245645506], "Euron_Greyjoy": [107.2476220556645, 100.38280868644], "Benjen_Stark": [-163.55767489647795, 174.42063615416114], "Robett_Glover": [53.65888983271842, 6.308579231017043], "Izembaro": [114.77454900830794, -33.98094435252228], "Qyburn": [-163.7951997285542, 69.42933687695961], "Alliser_Thorne": [-154.62947161200748, -143.43910337473548], "Robin_Arryn": [-34.76393583584332, 22.591510457239746], "Nymeria_Sand": [-35.26210541223319, 164.8558531043342], "Beric_Dondarrion": [216.29556938727114, -38.614104891452946], "Ray": [186.5636055512312, -34.30973835509062], "Thoros": [145.61042766495754, -37.447938632330164], "Jorah_Mormont": [-40.44094532912663, -39.712120075273496], "Jaqen_H'ghar": [-6.056831200358379, 67.18740332336104], "Eddison_Tollett": [-431.8808230473643, -14.347499037981839], "Samwell_Tarly": [88.86384856007302, -12.93709254824915], "Areo_Hotah": [27.488725485460897, -5.044897326742551], "Eddard_Stark": [-153.79850283407401, -92.48274175272603], "Doran_Martell": [-26.704786746528534, -59.063509134457334], "Edmure_Tully": [-57.54035373600587, -18.424517584992408], "Mace_Tyrell": [39.987149755281656, 14.868313130380201], "Jaime_Lannister": [181.43681210602875, 154.92169702281225], "Bronn": [137.2973866013482, 133.77301364424795], "Walder_Frey": [38.406065031522736, 33.72765339080487], "Davos_Seaworth": [28.251548408597994, 301.49967549726784], "Daario_Naharis": [-43.67893926343938, -2.981895353461573], "Moro": [-36.40222925902474, -12.096915618246237], "Trystane_Martell": [0.3900033696360172, 22.13239134281381], "Lancel_Lannister": [-97.09773452131435, -10.326610251975849], "Walder_Rivers": [129.87091156826085, 68.44697650745617], "Tyene_Sand": [93.8801907665808, -87.17021227854914], "Bran_Stark": [-26.51374967968333, -277.6505184826743], "Kevan_Lannister": [-124.9186521958867, 186.74321298983304], "Daenerys_Targaryen": [263.22216337961083, -87.54978939685975], "Sandor_Clegane": [-129.76023039655624, -212.18801904091376], "Arya_Stark": [-1.081554136903602, -73.55726339995654], "Grey_Worm": [189.38926349627107, -187.52825783946878], "Loras_Tyrell": [0.5749221439197542, -21.39257704122922], "Margaery_Tyrell": [75.2424717550344, -142.9435476471419], "Aeron_Greyjoy": [160.414682605307, -120.61327806903604], "Tommen_Baratheon": [-50.9583343183979, -149.88931785821117], "Brynden_Tully": [18.92123613343621, -21.667947224745987], "Night_King": [107.50540390383193, 191.20099873770042], "Rickon_Stark": [276.5781202525387, 48.5811489628649], "Ellaria_Sand": [107.30485155688818, 34.73846113865203], "Brienne_of_Tarth": [-258.19423479998187, -121.20109403903756], "Cersei_Lannister": [-362.16345451409165, 200.83629373062965], "Yara_Greyjoy": [-8.970999887704856, 1.3256995537294503], "Podrick_Payne": [143.66971846306603, -248.49529990758307], "Lyanna_Mormont": [-23.453685339578367, 38.37382873599409], "Roose_Bolton": [-154.42529517045463, 86.60770345543547], "Gregor_Clegane": [-138.69096915967415, 351.7807308533206], "Meera_Reed": [36.995266671905014, -167.61910626683786], "Petyr_Baelish": [17.29191954960216, 19.03696636499103]}