{"Tormund": [50.06229754370386, -461.08063192258993], "Aemon": [73.42479808289065, -503.3974718803998], "Olly": [27.36175140224734, -434.74563374439566], "Styr": [66.03060626918638, -416.55952258711153], "Ygritte": [93.379694852105, -455.2249287338297], "Meryn_Trant": [21.355059585768323, 74.12022826599537], "Bronn": [2.470328900718394, 65.21670221496336], "Daenerys_Targaryen": [-42.17551525613033, -32.760114997974924], "Missandei": [-24.36319751115148, -49.19749590368002], "Varys": [-72.55739490275526, 8.892761179100713], "Hodor": [-201.03403838571813, -258.6634745621506], "Locke": [-136.56087041817196, -329.6025495448956], "Rast": [-256.8054222249064, -216.04917612418146], "Tywin_Lannister": [-88.53373371631604, 58.61408943529874], "Pycelle": [-135.54250039251522, 53.293729705944], "Shae": [-41.58738808553785, 49.30815749778147], "Rorge": [318.6304262175515, -45.22805279084104], "Biter": [303.97007526031814, -54.756840323989515], "Loras_Tyrell": [-64.2079342690883, -138.5673274217036], "Melisandre": [-70.31468975325751, -129.89184297369837], "Bran_Stark": [-98.04969931778422, 359.0458776531888], "Arya_Stark": [312.9145888742765, -223.27275979961422], "Polliver": [293.099695850761, -211.77759419666472], "Jon_Snow": [197.67037589112485, -647.9062667834755], "Gilly": [140.6291636446324, -525.4230565811746], "Grenn": [-41.99600494361158, -422.2788794845252], "Grey_Worm": [-338.3366447252884, 109.28049544682096], "Sandor_Clegane": [-736.892622990225, -370.92354474093065], "Stannis_Baratheon": [278.90581558516266, 48.42748391144674], "Petyr_Baelish": [45.46019849917313, -21.618368211698513], "Gregor_Clegane": [-253.09666119919333, 127.57824905995257], "Qyburn": [-200.60946029721165, 90.22107008517914], "Roose_Bolton": [-243.40881929463458, -251.35479394350267], "Salladhor_Saan": [-31.220248523384875, 79.40410728420154], "Podrick_Payne": [146.8166412001165, -176.71907932059796], "Janos_Slynt": [-630.9881203674173, -9.83119492261347], "Hizdahr_zo_Loraq": [151.41070180026554, 11.166225133192166], "Tommen_Baratheon": [-116.98841071983446, -190.11113179369266], "Dontos_Hollard": [39.92918364732672, 289.0770740949841], "Shireen_Baratheon": [101.94085889857273, 364.4914789783921], "Cersei_Lannister": [318.52296522368044, 376.1585602896706], "Meera_Reed": [-462.8895468874774, 382.41057669072086], "Brienne_of_Tarth": [95.35626820201219, 15.325107632901585], "Yara_Greyjoy": [-24.504401148763346, 152.6461741288898], "Tycho_Nestoris": [106.24552777659626, 71.6983332000373], "Ellaria_Sand": [-211.82233943323646, 193.94019317001542], "Mance_Rayder": [-118.13847483532192, 437.2224967543328], "Margaery_Tyrell": [-5.627895562602414, 120.64054339404576], "Tyrion_Lannister": [-309.73690570918643, 654.8410107531292], "Ramsay_Bolton": [211.3058814965558, -47.387682898657204], "Eddison_Tollett": [-639.3148161135177, 179.07076561708527], "Yohn_Royce": [3.185904481912762, 93.45725705737858], "Oberyn_Martell": [818.6122763312569, 48.625446236794815], "Hot_Pie": [-13.095216836315107, 3.153825980299326], "Anya_Waynwood": [-164.47092664840923, 0.3523014047678446], "Olenna_Tyrell": [142.4090636748488, 87.64393551624411], "Lysa_Arryn": [101.25386491585621, -22.137614867944652], "Sansa_Stark": [-129.86049131372206, 209.45252992364675], "Jaime_Lannister": [43.433671685992, 876.2066039399298], "Davos_Seaworth": [35.3739787306872, 162.4777510121527], "Daario_Naharis": [-90.04277922835979, 172.1501801740971], "Joffrey_Baratheon": [122.22361345787745, -66.23547619976492], "Barristan_Selmy": [-155.4036300598543, 104.90573455218187], "Selyse_Baratheon": [529.7774990673861, 245.0792427842144], "Mace_Tyrell": [271.8596276802314, 124.54540282939217], "Samwell_Tarly": [-412.25380244285986, -745.3092833398767], "Jojen_Reed": [237.88827498018804, 616.0559158398121], "Robin_Arryn": [57.86202940753404, 45.83649896897604], "Jorah_Mormont": [158.21052562759223, 251.92174363261805], "Alliser_Thorne": [517.37785809278, 467.017792566086]}