{"Shireen_Baratheon": [111.440481985077, -74.86578033799043], "Gilly": [74.69316176537099, -46.86614690713606], "Melisandre": [132.95722654359534, -81.66442793647971], "Alliser_Thorne": [6.76483239389406, 156.68047875290264], "Aemon": [43.09566372827781, 7.716636375668202], "Olly": [6.261288526905626, 208.67396589408335], "Tormund": [2.207654851185114, 185.45710956696698], "Barristan_Selmy": [-8.247478010736115, 6.070735808441138], "Hizdahr_zo_Loraq": [-32.80008293828554, -15.189715413476668], "Loras_Tyrell": [198.65649780511185, 57.27503605592924], "Olyvar": [179.91531775495545, 59.67690907682736], "Doran_Martell": [92.04219412819026, -2.930697867391966], "Bronn": [102.72501270517643, -1.4514020862147516], "Mace_Tyrell": [62.96587710526543, -178.00227326004463], "Pycelle": [43.64066457087557, -198.30894945360998], "Qyburn": [24.901499384228003, -177.45328906201104], "Varys": [42.94392278106319, -165.90981351578918], "Cersei_Lannister": [-9.8328039401361, 400.26483962534417], "Brienne_of_Tarth": [-123.43344623553202, -205.98136600059473], "Myrcella_Baratheon": [-212.44293142410484, 77.76220966146023], "Samwell_Tarly": [176.45157411958021, -504.3758556742998], "Tommen_Baratheon": [350.2247165806337, -21.63765136507162], "Robin_Arryn": [5.231472094309151, -57.91475881722696], "Davos_Seaworth": [-323.5466719791666, -146.516545691828], "Night_King": [-220.6531556536258, -31.762883726228672], "Daario_Naharis": [-127.75403718631314, 157.38341930371706], "Missandei": [-117.12739323237471, 158.3080906044342], "Jorah_Mormont": [-338.87134770839975, -4.690623824626673], "Roose_Bolton": [33.221604483920814, 73.59586118091494], "Stannis_Baratheon": [-163.5392559028793, -392.7164102511028], "Arya_Stark": [-45.98369503145926, 72.4199508599411], "Olenna_Tyrell": [-58.7604591142316, -175.16494275649657], "Eddison_Tollett": [214.41142312842277, -88.71144553198113], "Ramsay_Bolton": [47.103643705203844, 48.93964501544551], "Myranda": [58.20101292721607, 50.5079484405244], "Tyene_Sand": [-17.61642492022566, -255.12388703699918], "Jaime_Lannister": [270.9790858482678, 243.09764437918142], "Trystane_Martell": [-195.28660199684975, -109.57898622217219], "Sansa_Stark": [-74.71696272573602, 33.44016264712583], "Mance_Rayder": [-148.51551903101117, -17.281515874499345], "Ellaria_Sand": [17.62397848874933, 12.525713485050904], "Daenerys_Targaryen": [-137.7171144134196, 50.66063579666475], "Lancel_Lannister": [128.29191497604612, 177.2748257894111], "Tycho_Nestoris": [-55.699709700937454, -7.30192797311329], "Grey_Worm": [-173.22815298362696, -172.88533886300976], "Petyr_Baelish": [-87.48296531508026, -115.63113899271077], "Janos_Slynt": [-105.60267021456046, 226.82656579972678], "Selyse_Baratheon": [313.3169686472374, -189.24573548516088], "Podrick_Payne": [36.019189587405236, -39.855470403492916], "Areo_Hotah": [-117.09611082526335, -61.08307637617998], "Margaery_Tyrell": [-187.79121063465, 14.604908775318199], "Gregor_Clegane": [-106.49697072492947, 85.9921301553762], "Catelyn_Stark": [-3.2727799569487384, -17.364923188250692], "Jon_Snow": [79.03614640583841, 515.5413049297113], "Meryn_Trant": [-71.7382306113231, -35.076338802781635], "Tyrion_Lannister": [208.03368502045177, 156.33456354281054], "Tywin_Lannister": [51.20707900391165, 98.94285390408554], "Nymeria_Sand": [-22.069142926187507, 119.50967288047488], "Yohn_Royce": [-8.598560647956646, 60.4730527234898], "Obara_Sand": [178.61194451264117, -35.23774282890567], "Jaqen_H'ghar": [8.670955290501423, 86.94038380593548]}