{"Tormund": [225.9031558550389, 331.2429892978701], "Hodor": [120.23472866101598, 344.4647930843523], "Orell": [258.69658752145875, 299.93640861279084], "Osha": [159.9278153557266, 332.69634785923586], "Ygritte": [278.6689145228596, 309.71360587138867], "Joffrey_Baratheon": [110.27652656088921, -327.5770877002139], "Melisandre": [237.03624389034226, -266.45981217414385], "Pycelle": [115.82539184382355, -296.27133922462406], "Ros": [23.32576749546304, -359.03220837895014], "Varys": [43.24512775577794, -371.1857778989777], "Eddison_Tollett": [-24.322469257631745, 298.0119059078495], "Craster": [-24.237875728937638, 340.1189546300935], "Grenn": [-1.14139761074048, 318.74132484120196], "Rast": [-38.0575885656615, 319.8628104758949], "Arya_Stark": [345.74051429906376, -238.81826512177642], "Anguy": [360.2809234952151, -220.17078295251403], "Thoros": [303.66346788210626, -242.40124595909978], "Grey_Worm": [91.48461040355105, -59.66281804078523], "Missandei": [93.27027615988735, -49.96869125904187], "Tyrion_Lannister": [-90.27514674390012, -433.02912596797046], "Bronn": [-63.20817078835878, -396.98389017529104], "Shae": [-25.75399533894923, -387.8911380901802], "Loras_Tyrell": [-286.55840938952105, 5.7098497581487475], "Meryn_Trant": [-180.13507260278206, 162.75843354126005], "Talisa_Stark": [-206.6782394730129, -130.88298963946198], "Qyburn": [-181.30682663679042, -114.83310258261749], "Bran_Stark": [-43.24146852022127, 408.3751969295647], "Gilly": [19.07819703185311, 364.0952286594684], "Jaime_Lannister": [-117.88181209548942, -77.09814218081065], "Locke": [-144.9327190516819, -92.64850431170402], "Salladhor_Saan": [-85.94865887666309, -180.90539970120315], "Meera_Reed": [254.31285286893782, -579.2305454517052], "Mance_Rayder": [-574.3407627381075, -358.7123148319355], "Yara_Greyjoy": [-91.38055998813756, 27.932056330863418], "Beric_Dondarrion": [-407.40306739365155, 334.6544111097009], "Podrick_Payne": [568.5591210160717, 99.4674954058474], "Sandor_Clegane": [72.92835267814206, 778.4865674777935], "Jeor_Mormont": [-764.6519542156658, 88.61407954934899], "Rickon_Stark": [-115.98433150352024, -259.3300560663963], "Petyr_Baelish": [414.10552595000763, 20.53189066549161], "Barristan_Selmy": [148.98546743293682, -116.74828856567039], "Daenerys_Targaryen": [203.41944377342355, 25.004328987234267], "Selyse_Baratheon": [-65.89633236846271, 150.72101374214205], "Brynden_Tully": [-45.630351997503354, -83.59574536713683], "Catelyn_Stark": [-95.93897203964639, 84.68223097172661], "Roose_Bolton": [-98.33370167015062, -670.259910374565], "Olenna_Tyrell": [119.91587737236249, 70.1381488181932], "Tywin_Lannister": [-142.04105812935958, 537.2366239792732], "Gendry_Baratheon": [-308.9538020071831, -130.4976033334564], "Ramsay_Bolton": [0.8697684592757039, 53.422894285537545], "Sansa_Stark": [32.23911635560143, 122.97136593283737], "Hot_Pie": [104.37749946465301, -164.2435080433739], "Shireen_Baratheon": [-135.2512243226762, 13.897648659468182], "Theon_Greyjoy": [18.41896418212562, -43.44096572437058], "Pypar": [213.83937664612984, 93.72945057749614], "Kraznys_mo_Nakloz": [-214.86788890034228, 17.328725543163927], "Balon_Greyjoy": [-175.97521114230585, 89.32468367553281], "Daario_Naharis": [3.2524388315366863, -136.19120590658073], "Jon_Snow": [-366.957578377794, 794.4391237076544], "Rickard_Karstark": [-322.4137880860625, -53.91468532918893], "Davos_Seaworth": [234.90794678972279, 542.8344422550562], "Jojen_Reed": [507.5900051324194, -393.76497159598847], "Robb_Stark": [118.04288802295703, -910.0629820565782], "Cersei_Lannister": [285.51980946446446, -376.08550738989044], "Brienne_of_Tarth": [114.34731911277446, 481.61598639880395], "Walder_Frey": [-247.7538070581937, 82.97494038026471], "Jorah_Mormont": [-455.6081145896014, 164.07268082563297], "Margaery_Tyrell": [-11.669984101393185, 30.790442561205516], "Edmure_Tully": [231.5145002968613, -67.32908098000651], "Stannis_Baratheon": [149.27985528657663, -3.989108301770645], "Samwell_Tarly": [-785.4034730433004, -260.05346771868]}