{"Varys": [134.3138126632924, 213.66198786690637], "Bronn": [52.920805747427615, 207.82658986823623], "Melisandre": [188.49478825049505, 207.1090798533812], "Missandei": [167.67224614483538, 236.71292354046335], "Qhono": [103.93831655381175, 222.45746733741402], "Tyene_Sand": [-43.153427664522965, 151.3159686636089], "Qyburn": [-25.18522362108573, 164.7307290732271], "Dickon_Tarly": [102.26785486285962, 69.35823772879348], "Bran_Stark": [140.84516653379316, -123.00759011878709], "Wolkan": [118.15397309148467, -121.92689697949483], "Ellaria_Sand": [-214.19058558776447, 123.59610469482178], "Yara_Greyjoy": [-67.341768909652, 46.86598428433207], "Ebrose": [97.89729504419773, -117.73262375190626], "Cersei_Lannister": [-5.300104633853134, -374.966769290626], "Brienne_of_Tarth": [-170.53489030785278, -159.22876079145001], "Tormund": [-173.7124214864971, -181.1701921560204], "Arya_Stark": [-61.18269984314025, -66.64921707986666], "Davos_Seaworth": [332.83589624585824, -571.8145615585006], "Thoros": [-177.0929084142345, -204.05617236927054], "Rhaegar_Targaryen": [176.0913326991386, 24.608948423661392], "Gilly": [185.56128471891344, 20.355525499444827], "Jon_Snow": [-268.54669699238843, -606.0453463372816], "Podrick_Payne": [45.82780401030593, 388.1376558333037], "Meera_Reed": [24.66287215126526, 45.73005066622833], "Petyr_Baelish": [226.89059262857052, -242.64257883309398], "Gendry_Baratheon": [229.82335590192938, 501.29076704934744], "Nymeria_Sand": [-18.308613036110778, 77.80600903613201], "Yohn_Royce": [-16.866646642670858, -23.378209755060805], "Theon_Greyjoy": [-2.8368513325605607, -66.03407526700482], "Tycho_Nestoris": [7.240701116283505, -222.0673149111878], "Obara_Sand": [52.620386204427795, 12.208346822919008], "Randyll_Tarly": [-255.02171126171314, -6.657777979862581], "Euron_Greyjoy": [66.88317178067778, -42.37738344269921], "Lyanna_Mormont": [49.61446621935729, -18.114278588459154], "Olenna_Tyrell": [279.85590186577144, -32.64166495743161], "Daenerys_Targaryen": [-575.0752470555565, 359.36528127174404], "Walder_Frey": [13.45303598553768, 1.4937284533499189], "Robett_Glover": [-37.459042352900816, 7.667032301802246], "Gregor_Clegane": [-106.59176026092474, 213.69074975605128], "Beric_Dondarrion": [-423.3500838532226, -275.42830866211494], "Lyanna_Stark": [-173.77535319312852, 212.13581874921064], "Jorah_Mormont": [-671.4359438889363, -93.25910967781871], "Hot_Pie": [-52.87877807424201, -26.80947625993203], "Sansa_Stark": [302.42800790690256, -291.3544239336384], "Tyrion_Lannister": [-178.18679777436083, 614.8386864732234], "Sandor_Clegane": [383.3277600842319, -159.97555028027298], "Samwell_Tarly": [-403.90951567864477, 117.96904259544293], "Jaime_Lannister": [-68.10910269335473, -216.74005157169125], "Benjen_Stark": [-90.61769359853103, -11.397822621942089], "Eddison_Tollett": [-21.041935107289042, 42.7794080418427], "Grey_Worm": [537.121848893324, 59.05025830979782]}