{"Podrick_Payne": [-165.09570724121286, 270.27691777919216], "Bronn": [-157.03341147771272, 309.28420467941146], "Shae": [-186.8347765512878, 257.0694475478359], "Varys": [-138.89347176475664, 261.32231315895433], "Biter": [101.20427123190389, 350.4484929669159], "Rorge": [108.34358606975549, 327.1282775922202], "Yoren": [84.37997560054006, 314.9999304542362], "Lommy": [66.04272961127764, 290.4067158033565], "Irri": [-94.98917690688276, 12.048812207337415], "Doreah": [-94.92376502004092, 45.711364525463104], "Drogo": [-66.42748130018938, 32.88256470624383], "Rakharo": [-144.5524224530328, 1.4873471559865512], "Janos_Slynt": [169.7639169193016, -143.04155715492436], "Ros": [-210.0679662703643, 317.5419142134065], "Roose_Bolton": [37.5028955872304, -44.38969279051366], "Dagmer": [308.5814202575349, 116.21372838751091], "Luwin": [327.1607129214317, 88.89044206250414], "Osha": [344.1932618386141, 108.32279902776851], "Petyr_Baelish": [-67.55550806294377, 330.42890279353804], "Armeca": [-102.08993156209023, 309.909424540257], "Pycelle": [-124.97320185017922, 354.9409387201528], "Gendry_Baratheon": [-418.82778266990897, -1.2452323828638732], "Lancel_Lannister": [193.15956159139455, -306.92124977361436], "Catelyn_Stark": [90.5891738684441, -71.23616956701558], "Yara_Greyjoy": [-56.22714267354618, -87.47434963978573], "Hallyne": [-239.18890363425544, 250.15989526906012], "Kovarro": [-159.14895310214405, 31.75163258399982], "Rickard_Karstark": [14.3768185103568, -90.9270991640901], "Rickon_Stark": [397.23666779546727, 52.13062789684131], "Hodor": [367.91419878356135, 78.88806963662968], "Tywin_Lannister": [60.49078574685066, -59.51132748351675], "Jeor_Mormont": [67.59257653780975, -202.97539668352812], "Craster": [101.89480937265135, -210.69030966442406], "Qhorin": [40.47357970608284, -222.6461342983192], "Pyat_Pree": [-64.43222486734363, -59.9175154914265], "Jon_Snow": [85.26771922048874, -276.250396822104], "Gilly": [134.49393484344495, -240.44192194933288], "Ygritte": [47.63414951210475, -253.58292538411982], "Talisa_Stark": [41.9627932173861, 14.560273353635374], "Cersei_Lannister": [-450.3823882254977, -146.26841637395597], "Brienne_of_Tarth": [-25.9778170250903, 182.1508195405646], "Melisandre": [-42.61274783733471, 192.41337983039134], "Loras_Tyrell": [-46.32874566253605, -291.2702305519826], "Tommen_Baratheon": [-108.17592287623002, -227.59428289861333], "Ilyn_Payne": [13.663494520632632, 32.799505508572324], "Daisy": [-202.36654521907363, 394.80720262645815], "Meryn_Trant": [-64.10119738895204, -196.96078180392686], "Margaery_Tyrell": [63.96694423581468, 12.772991996138728], "Black_Lorren": [342.98025827869054, 393.18062830805775], "Stannis_Baratheon": [-188.56009329360617, -276.79609059122], "Davos_Seaworth": [285.07714110162334, -38.86386912334167], "Kevan_Lannister": [13.692569863469718, -60.42682704742422], "Robb_Stark": [-24.07165678883082, -73.23411838733742], "Grenn": [193.25110928825524, -239.66197273074374], "Myrcella_Baratheon": [-44.39514058012924, -46.7535969829244], "Sandor_Clegane": [-124.06868937779355, 139.00271026890297], "Jaime_Lannister": [16.604943240560445, 1.551568200609009], "Bran_Stark": [-233.897043850594, -377.9490844175013], "Joffrey_Baratheon": [207.37105364942366, -60.84750150337185], "Arya_Stark": [-470.33353300256107, -281.9029539643917], "Jorah_Mormont": [613.9938035198668, 343.94508481486224], "Jaqen_H'ghar": [108.88875813003624, -560.1701261206832], "Tyrion_Lannister": [-757.7039678093225, 214.84794751913222], "Eddison_Tollett": [-76.34458278686202, -663.0009694961461], "Hot_Pie": [223.32999838178418, 68.02804505817467], "Samwell_Tarly": [-305.93319977763855, -580.4364331293291], "Daenerys_Targaryen": [-789.3717754235877, -124.57652962684261], "Dontos_Hollard": [96.304769412859, -20.31420966790043], "Renly_Baratheon": [232.58783431574082, -98.11471045138107], "Amory_Lorch": [-205.1999750177373, -111.62913658793231], "Xaro_Xhoan_Daxos": [343.507662051903, -462.0939265101641], "Salladhor_Saan": [-1.68160660767913, -34.2465037849239], "Rodrik_Cassel": [506.91184387897385, -266.4214496373738], "Theon_Greyjoy": [-334.6230429987923, -271.1567103705434], "Sansa_Stark": [-280.8115331263396, 40.637888376732384], "Gregor_Clegane": [84.66867901973684, 6.395489674936623], "Alton_Lannister": [-37.640439476106096, 75.78417280275045], "Matthos_Seaworth": [230.18293588936805, 353.4994215189867]}