{"Varys": [-65.78412437522044, -138.78521364054959], "Missandei": [-55.993792899876695, -156.7963982299715], "Edmure_Tully": [40.460869035565366, 21.225567472376543], "Yohn_Royce": [-0.5704383020507656, 12.518211825217175], "Podrick_Payne": [41.55355281729929, 82.05854785763627], "Tormund": [46.704908961876576, 94.48500386503956], "Robin_Arryn": [6.43711084360843, -15.694008875643142], "Harry_Strickland": [-3.518944979736055, -36.299265177191444], "Gregor_Clegane": [27.776341559722177, 88.2836423859058], "Qyburn": [66.46610366722912, 59.47510270565946], "Lyanna_Mormont": [-28.470166972520413, 26.352366367827717], "Tyrion_Lannister": [186.37156673643415, 36.36753000345887], "Bronn": [109.70843141313694, 41.02815365004018], "Sandor_Clegane": [-22.028764054301327, -52.284861047478216], "Melisandre": [-7.689872969263548, -69.60156749225325], "Beric_Dondarrion": [147.44921787215677, 7.74922293692382], "Sansa_Stark": [-124.60077642049194, 121.58301244684246], "Wolkan": [-115.86412195827903, 100.11674742299357], "Qhono": [39.429609867719634, -98.03992871349192], "Bran_Stark": [16.4512742355866, 1.481273923869868], "Daenerys_Targaryen": [109.49641914856959, -273.20561084772777], "Grey_Worm": [-12.76995999866111, 95.80247265391506], "Gendry_Baratheon": [114.24741680693919, 122.6755166886436], "Jorah_Mormont": [-208.9982275317097, -14.024830174328274], "Davos_Seaworth": [-36.742388676364904, 195.29530974830212], "Gilly": [-55.30891850545957, 124.01094507310229], "Yara_Greyjoy": [54.62371866999993, -42.060316648325056], "Arya_Stark": [-51.61255513449669, 77.38449144198292], "Jon_Snow": [239.54529591018613, -94.49825932361323], "Samwell_Tarly": [-212.28367490710545, 80.74160159680032], "Alys_Karstark": [37.600037478350686, -0.5108449847986278], "Ned_Umber": [102.44301119803428, 76.38423830024504], "Euron_Greyjoy": [20.273797536831534, -112.99018132354253], "Brienne_of_Tarth": [-157.44958954504565, -134.21451867187045], "Cersei_Lannister": [-80.83209432557892, 1.7495393935436734], "Jaime_Lannister": [-17.946752590851542, -109.94789413481621], "Theon_Greyjoy": [59.528083880556295, -15.577799415817593], "Eddison_Tollett": [-101.59548512403128, -54.802291818054826]}